State,bonobo,chimp,gorilla,human,orangutan,siamang
bonobo,1,0.759228688604474,0.380153700156899,0.559718744258427,0,0
chimp,0.759228688604474,1,0.380153700156899,0.559718744258427,0,0
gorilla,0.380153700156899,0.380153700156899,1,0.380153700156899,0,0
human,0.559718744258427,0.559718744258427,0.380153700156899,1,0,0
orangutan,0,0,0,0,1,0.0654154482317598
siamang,0,0,0,0,0.0654154482317598,1